{"cameraMode":{"drawMode":0,"name":"Shaded","section":"Shading Mode"},"sceneLighting":true,"audioPlay":false,"sceneViewState":{"showFog":true,"showMaterialUpdate":false,"showSkybox":true,"showFlares":true,"showImageEffects":true,"showParticleSystems":true},"in2DMode":false,"pivot":{"x":417.4239501953125,"y":206.48068237304688,"z":63.969635009765628},"rotation":{"x":-0.1268063634634018,"y":-0.025296667590737344,"z":-0.003236768301576376,"w":0.991601824760437},"size":88.8843994140625,"orthographic":false}